<?xml version='1.0' encoding='UTF-8'?>
<ExtensionManifest ExtensionBundleId="com.ae-code" ExtensionBundleVersion="1.0.1" ExtensionBundleName="ae-code" Version="8.0" xmlns:xsi="http://www.w3.org/2001/XMLSchema-instance">
  <ExtensionList>
    <Extension Id="com.ae-code.panel" Version="1.0.1" />
  </ExtensionList>
  <ExecutionEnvironment>
    <HostList>
      <Host Name="AEFT" Version="[16,99.9]" />
    </HostList>
    <LocaleList>
      <Locale Code="All" />
    </LocaleList>
    <RequiredRuntimeList>
      <RequiredRuntime Name="CSXS" Version="8.0" />
    </RequiredRuntimeList>
  </ExecutionEnvironment>
  <DispatchInfoList>
    <Extension Id="com.ae-code.panel">
      <DispatchInfo>
        <Resources>
          <MainPath>./dist/index.html</MainPath>
          <!-- <MainPath>./public/index-dev.html</MainPath> -->
          <CEFCommandLine>
            <Parameter>--enable-nodejs</Parameter>
            <Parameter>--mixed-context</Parameter>
          </CEFCommandLine>
        </Resources>
        <Lifecycle>
          <AutoVisible>true</AutoVisible>
        </Lifecycle>
        <UI>
          <Type>Panel</Type>
          <Menu>ae-code</Menu>
          <Geometry>
            <Size>
              <Height>400</Height>
              <Width>280</Width>
            </Size>
            <MaxSize>
              <Height>500</Height>
              <Width>598</Width>
            </MaxSize>
            <MinSize>
              <Height>300</Height>
              <Width>260</Width>
            </MinSize>
          </Geometry>
          <Icons />
        </UI>
      </DispatchInfo>
    </Extension>
  </DispatchInfoList>
</ExtensionManifest>
